,datatime,illum_mean
0,2018-08-21 09:10:46,14.04620361328125
1,2018-08-21 09:10:56,13.17999267578125
2,2018-08-21 09:11:06,12.983963012695312
3,2018-08-21 09:11:16,12.768463134765625
4,2018-08-21 09:11:26,12.887130737304688
5,2018-08-21 09:11:36,13.139297485351562
6,2018-08-21 09:11:46,13.271347045898438
7,2018-08-21 09:11:56,13.31689453125
8,2018-08-21 09:12:06,13.226577758789062
9,2018-08-21 09:12:16,12.86053466796875
10,2018-08-21 09:21:08,20.979766845703125
11,2018-08-21 09:21:18,64.40426635742188
12,2018-08-21 09:21:26,65.23350524902344
13,2018-08-21 09:21:38,64.35301208496094
14,2018-08-21 09:21:46,78.24696350097656
15,2018-08-21 09:21:56,79.47297668457031
16,2018-08-21 09:22:08,80.36228942871094
17,2018-08-21 09:22:16,65.84901428222656
18,2018-08-21 09:22:26,66.87339782714844
19,2018-08-21 09:22:36,64.59010314941406
20,2018-11-20 13:24:06,78.60504150390625
21,2018-11-20 13:24:16,76.24813842773438
22,2018-11-20 13:24:26,75.87825012207031
23,2018-11-20 13:24:36,75.9962158203125
24,2018-11-20 13:24:46,75.96238708496094
25,2018-11-20 13:24:56,75.95927429199219
26,2018-11-20 13:25:06,75.84487915039062
27,2018-11-20 13:25:16,75.84757995605469
28,2018-11-20 13:25:26,75.76788330078125
29,2018-11-20 13:25:36,75.55484008789062
30,2018-11-20 13:54:06,79.72685241699219
31,2018-11-20 13:54:16,76.0009765625
32,2018-11-20 13:54:26,75.9410400390625
33,2018-11-20 13:54:36,75.54890441894531
34,2018-11-20 13:54:46,75.23298645019531
35,2018-11-20 13:54:56,75.01321411132812
36,2018-11-20 13:55:06,74.88526916503906
37,2018-11-20 13:55:16,74.73348999023438
38,2018-11-20 13:55:26,74.74786376953125
39,2018-11-20 13:55:36,74.46429443359375
40,2018-11-20 14:11:14,67.56228637695312
41,2018-11-20 14:11:24,66.95806884765625
42,2018-11-20 14:11:34,68.52537536621094
43,2018-11-20 14:11:44,67.70834350585938
44,2018-11-20 14:11:54,69.30209350585938
45,2018-11-20 14:12:04,69.37026977539062
46,2018-11-20 14:12:14,69.40000915527344
47,2018-11-20 14:12:24,69.99948120117188
48,2018-11-20 14:12:34,70.38125610351562
49,2018-11-20 14:12:44,71.16163635253906
50,2018-11-20 14:21:18,74.28263854980469
51,2018-11-20 14:21:26,74.90798950195312
52,2018-11-20 14:21:36,74.75563049316406
53,2018-11-20 14:21:46,74.72785949707031
54,2018-11-20 14:21:56,74.59315490722656
55,2018-11-20 14:22:06,74.69606018066406
56,2018-11-20 14:22:16,75.64906311035156
57,2018-11-20 14:22:26,74.77278137207031
58,2018-11-20 14:22:36,74.79093933105469
59,2018-11-20 14:22:46,74.96397399902344
60,2018-11-20 14:31:18,74.66142272949219
61,2018-11-20 14:31:26,75.16000366210938
62,2018-11-20 14:31:36,75.70938110351562
63,2018-11-20 14:31:46,76.18121337890625
64,2018-11-20 14:31:56,76.16883850097656
65,2018-11-20 14:32:06,75.74519348144531
66,2018-11-20 14:32:16,75.46127319335938
67,2018-11-20 14:32:26,76.21133422851562
68,2018-11-20 14:32:36,74.10102844238281
69,2018-11-20 14:32:46,75.50790405273438
70,2018-11-20 14:41:18,75.45491027832031
71,2018-11-20 14:41:28,75.63023376464844
72,2018-11-20 14:41:38,75.57928466796875
73,2018-11-20 14:41:48,75.27468872070312
74,2018-11-20 14:41:58,74.9237060546875
75,2018-11-20 14:42:08,75.16714477539062
76,2018-11-20 14:42:18,75.10794067382812
77,2018-11-20 14:42:28,75.18476867675781
78,2018-11-20 14:42:38,77.1878662109375
79,2018-11-20 14:42:48,76.84709167480469
80,2018-11-20 14:51:20,74.74955749511719
81,2018-11-20 14:51:30,74.91810607910156
82,2018-11-20 14:51:40,74.73948669433594
83,2018-11-20 14:51:50,74.69705200195312
84,2018-11-20 14:52:00,74.79173278808594
85,2018-11-20 14:52:10,74.76333618164062
86,2018-11-20 14:52:20,74.77169799804688
87,2018-11-20 14:52:30,74.61979675292969
88,2018-11-20 14:52:40,74.6754150390625
89,2018-11-20 14:52:50,74.74176025390625
90,2018-11-20 15:24:06,83.00285339355469
91,2018-11-20 15:24:16,74.63018798828125
92,2018-11-20 15:24:26,74.3123779296875
93,2018-11-20 15:24:36,74.09359741210938
94,2018-11-20 15:24:46,73.81486511230469
95,2018-11-20 15:24:56,73.73497009277344
96,2018-11-20 15:25:06,74.04440307617188
97,2018-11-20 15:25:16,73.75186157226562
98,2018-11-20 15:25:26,73.6131591796875
99,2018-11-20 15:25:36,73.45750427246094
100,2018-11-20 15:54:06,76.48210144042969
101,2018-11-20 15:54:16,74.26933288574219
102,2018-11-20 15:54:26,74.29701232910156
103,2018-11-20 15:54:36,73.90567016601562
104,2018-11-20 15:54:46,74.00038146972656
105,2018-11-20 15:54:56,75.28085327148438
106,2018-11-20 15:55:06,76.18356323242188
107,2018-11-20 15:55:16,75.95663452148438
108,2018-11-20 15:55:26,75.96713256835938
109,2018-11-20 15:55:36,76.03587341308594
110,2018-11-20 16:24:06,83.93766784667969
111,2018-11-20 16:24:16,75.092041015625
112,2018-11-20 16:24:26,76.37355041503906
113,2018-11-20 16:24:36,76.02029418945312
114,2018-11-20 16:24:46,75.80007934570312
115,2018-11-20 16:24:56,75.84532165527344
116,2018-11-20 16:25:06,75.96656799316406
117,2018-11-20 16:25:16,75.77949523925781
118,2018-11-20 16:25:26,75.50103759765625
119,2018-11-20 16:25:36,75.27728271484375
120,2018-11-20 16:54:06,79.30796813964844
121,2018-11-20 16:54:16,75.92881774902344
122,2018-11-20 16:54:26,75.55764770507812
123,2018-11-20 16:54:36,75.58615112304688
124,2018-11-20 16:54:46,75.41586303710938
125,2018-11-20 16:54:56,75.10134887695312
126,2018-11-20 16:55:06,75.24925231933594
127,2018-11-20 16:55:16,75.10330200195312
128,2018-11-20 16:55:26,74.712158203125
129,2018-11-20 16:55:36,74.82907104492188
130,2018-11-20 17:24:06,79.10054016113281
131,2018-11-20 17:24:16,77.12130737304688
132,2018-11-20 17:24:26,76.861328125
133,2018-11-20 17:24:36,76.90446472167969
134,2018-11-20 17:24:46,76.77464294433594
135,2018-11-20 17:24:56,76.46308898925781
136,2018-11-20 17:25:06,76.37799072265625
137,2018-11-20 17:25:16,76.15455627441406
138,2018-11-20 17:25:26,76.09669494628906
139,2018-11-20 17:25:36,76.07638549804688
140,2018-11-20 17:54:06,79.16230773925781
141,2018-11-20 17:54:16,77.11807250976562
142,2018-11-20 17:54:26,76.82369995117188
143,2018-11-20 17:54:36,76.23670959472656
144,2018-11-20 17:54:46,76.51480102539062
145,2018-11-20 17:54:56,76.28373718261719
146,2018-11-20 17:55:06,75.98616027832031
147,2018-11-20 17:55:16,76.11329650878906
148,2018-11-20 17:55:26,76.07371520996094
149,2018-11-20 17:55:36,76.12223815917969
150,2018-11-20 18:24:06,80.23588562011719
151,2018-11-20 18:24:16,76.84690856933594
152,2018-11-20 18:24:26,76.47929382324219
153,2018-11-20 18:24:36,76.548828125
154,2018-11-20 18:24:46,76.142578125
155,2018-11-20 18:24:56,75.84005737304688
156,2018-11-20 18:25:06,75.93057250976562
157,2018-11-20 18:25:16,75.812744140625
158,2018-11-20 18:25:26,75.706787109375
159,2018-11-20 18:25:36,75.87995910644531
160,2018-11-20 18:54:06,79.14036560058594
161,2018-11-20 18:54:16,76.73930358886719
162,2018-11-20 18:54:26,76.49417114257812
163,2018-11-20 18:54:36,76.047607421875
164,2018-11-20 18:54:46,76.13623046875
165,2018-11-20 18:54:56,75.86318969726562
166,2018-11-20 18:55:06,75.79475402832031
167,2018-11-20 18:55:16,75.35063171386719
168,2018-11-20 18:55:26,75.36579895019531
169,2018-11-20 18:55:36,75.39732360839844
170,2018-11-20 19:24:06,85.61126708984375
171,2018-11-20 19:24:16,76.12861633300781
172,2018-11-20 19:24:26,75.92985534667969
173,2018-11-20 19:24:36,75.76629638671875
174,2018-11-20 19:24:46,75.65029907226562
175,2018-11-20 19:24:56,75.57127380371094
176,2018-11-20 19:25:06,75.4864501953125
177,2018-11-20 19:25:16,75.0657958984375
178,2018-11-20 19:25:26,75.12648010253906
179,2018-11-20 19:25:36,75.06422424316406
180,2018-11-20 19:54:06,78.17158508300781
181,2018-11-20 19:54:16,76.296630859375
182,2018-11-20 19:54:26,75.96043395996094
183,2018-11-20 19:54:36,75.90411376953125
184,2018-11-20 19:54:46,75.71026611328125
185,2018-11-20 19:54:56,75.67221069335938
186,2018-11-20 19:55:06,75.35951232910156
187,2018-11-20 19:55:16,75.56736755371094
188,2018-11-20 19:55:26,75.08271789550781
189,2018-11-20 19:55:36,75.24822998046875
190,2018-11-20 20:24:06,78.69325256347656
191,2018-11-20 20:24:16,76.73095703125
192,2018-11-20 20:24:26,76.57646179199219
193,2018-11-20 20:24:36,76.35641479492188
194,2018-11-20 20:24:46,76.193115234375
195,2018-11-20 20:24:56,76.16096496582031
196,2018-11-20 20:25:06,75.84596252441406
197,2018-11-20 20:25:16,75.842041015625
198,2018-11-20 20:25:26,75.91218566894531
199,2018-11-20 20:25:36,75.76083374023438
200,2018-11-20 20:54:06,78.57073974609375
201,2018-11-20 20:54:16,76.53199768066406
202,2018-11-20 20:54:26,76.14614868164062
203,2018-11-20 20:54:36,75.98582458496094
204,2018-11-20 20:54:46,75.81623840332031
205,2018-11-20 20:54:56,75.80369567871094
206,2018-11-20 20:55:06,75.56004333496094
207,2018-11-20 20:55:16,75.45376586914062
208,2018-11-20 20:55:26,75.16868591308594
209,2018-11-20 20:55:36,75.21409606933594
210,2018-11-20 21:24:06,78.04927062988281
211,2018-11-20 21:24:16,76.41574096679688
212,2018-11-20 21:24:26,76.07958984375
213,2018-11-20 21:24:36,75.90899658203125
214,2018-11-20 21:24:46,75.6864013671875
215,2018-11-20 21:24:56,75.63792419433594
216,2018-11-20 21:25:06,75.48258972167969
217,2018-11-20 21:25:16,75.21875
218,2018-11-20 21:25:26,75.29374694824219
219,2018-11-20 21:25:36,75.26814270019531
220,2018-11-20 21:54:06,78.4849853515625
221,2018-11-20 21:54:16,76.24055480957031
222,2018-11-20 21:54:26,75.95536804199219
223,2018-11-20 21:54:36,75.89079284667969
224,2018-11-20 21:54:46,75.57254028320312
225,2018-11-20 21:54:56,75.70133972167969
226,2018-11-20 21:55:06,75.44770812988281
227,2018-11-20 21:55:16,75.37135314941406
228,2018-11-20 21:55:26,75.171142578125
229,2018-11-20 21:55:36,75.14637756347656
230,2018-11-20 22:24:06,77.90310668945312
231,2018-11-20 22:24:16,75.82719421386719
232,2018-11-20 22:24:26,75.53437805175781
233,2018-11-20 22:24:36,75.71188354492188
234,2018-11-20 22:24:46,75.37652587890625
235,2018-11-20 22:24:56,75.24293518066406
236,2018-11-20 22:25:06,75.24369812011719
237,2018-11-20 22:25:16,75.26318359375
238,2018-11-20 22:25:26,75.09640502929688
239,2018-11-20 22:25:36,75.11068725585938
240,2018-11-20 22:54:06,77.38055419921875
241,2018-11-20 22:54:16,75.66445922851562
242,2018-11-20 22:54:26,75.23854064941406
243,2018-11-20 22:54:36,75.25959777832031
244,2018-11-20 22:54:46,75.01756286621094
245,2018-11-20 22:54:56,74.90756225585938
246,2018-11-20 22:55:06,74.53843688964844
247,2018-11-20 22:55:16,74.43032836914062
248,2018-11-20 22:55:26,74.24812316894531
249,2018-11-20 22:55:36,74.44355773925781
250,2018-11-20 23:24:06,77.39607238769531
251,2018-11-20 23:24:16,75.22615051269531
252,2018-11-20 23:24:26,74.94847106933594
253,2018-11-20 23:24:36,74.88359069824219
254,2018-11-20 23:24:46,74.59175109863281
255,2018-11-20 23:24:56,73.86587524414062
256,2018-11-20 23:25:06,74.35459899902344
257,2018-11-20 23:25:16,74.26124572753906
258,2018-11-20 23:25:26,74.42680358886719
259,2018-11-20 23:25:36,74.28019714355469
260,2018-11-20 23:54:06,78.79090881347656
261,2018-11-20 23:54:16,75.28863525390625
262,2018-11-20 23:54:26,74.85154724121094
263,2018-11-20 23:54:36,74.84468078613281
264,2018-11-20 23:54:46,74.49028015136719
265,2018-11-20 23:54:56,74.48091125488281
266,2018-11-20 23:55:06,74.49681091308594
267,2018-11-20 23:55:16,74.41160583496094
268,2018-11-20 23:55:26,74.0828857421875
269,2018-11-20 23:55:36,74.14653015136719
270,2018-11-21 00:24:06,77.33827209472656
271,2018-11-21 00:24:16,75.39923095703125
272,2018-11-21 00:24:26,74.89543151855469
273,2018-11-21 00:24:36,74.74273681640625
274,2018-11-21 00:24:46,74.54545593261719
275,2018-11-21 00:24:56,74.38737487792969
276,2018-11-21 00:25:06,74.14837646484375
277,2018-11-21 00:25:16,74.10964965820312
278,2018-11-21 00:25:26,74.09732055664062
279,2018-11-21 00:25:36,73.96194458007812
280,2018-11-21 00:54:06,76.64129638671875
281,2018-11-21 00:54:16,74.85452270507812
282,2018-11-21 00:54:26,74.68678283691406
283,2018-11-21 00:54:36,74.40013122558594
284,2018-11-21 00:54:46,74.17695617675781
285,2018-11-21 00:54:56,74.12799072265625
286,2018-11-21 00:55:06,73.94525146484375
287,2018-11-21 00:55:16,73.79388427734375
288,2018-11-21 00:55:26,73.81039428710938
289,2018-11-21 00:55:36,73.67295837402344
290,2018-11-21 01:24:06,84.46951293945312
291,2018-11-21 01:24:16,74.73483276367188
292,2018-11-21 01:24:26,74.58859252929688
293,2018-11-21 01:24:36,74.45166015625
294,2018-11-21 01:24:46,74.3304443359375
295,2018-11-21 01:24:56,74.06452941894531
296,2018-11-21 01:25:06,73.84884643554688
297,2018-11-21 01:25:16,73.85113525390625
298,2018-11-21 01:25:26,73.82601928710938
299,2018-11-21 01:25:36,73.62211608886719
300,2018-11-21 01:54:06,84.41984558105469
301,2018-11-21 01:54:16,75.099853515625
302,2018-11-21 01:54:26,74.87881469726562
303,2018-11-21 01:54:36,74.73356628417969
304,2018-11-21 01:54:46,74.57087707519531
305,2018-11-21 01:54:56,74.62815856933594
306,2018-11-21 01:55:06,74.31602478027344
307,2018-11-21 01:55:16,74.013427734375
308,2018-11-21 01:55:26,74.09996032714844
309,2018-11-21 01:55:36,74.06851196289062
310,2018-11-21 02:24:06,83.61738586425781
311,2018-11-21 02:24:16,74.19444274902344
312,2018-11-21 02:24:26,73.93157958984375
313,2018-11-21 02:24:36,73.79925537109375
314,2018-11-21 02:24:46,73.67117309570312
315,2018-11-21 02:24:56,73.45451354980469
316,2018-11-21 02:25:06,73.40380859375
317,2018-11-21 02:25:16,73.2384033203125
318,2018-11-21 02:25:26,73.17050170898438
319,2018-11-21 02:25:36,73.14909362792969
320,2018-11-21 02:54:06,76.7083740234375
321,2018-11-21 02:54:16,74.20686340332031
322,2018-11-21 02:54:26,73.95542907714844
323,2018-11-21 02:54:36,73.9005126953125
324,2018-11-21 02:54:46,73.50718688964844
325,2018-11-21 02:54:56,73.49066162109375
326,2018-11-21 02:55:06,73.32730102539062
327,2018-11-21 02:55:16,73.27496337890625
328,2018-11-21 02:55:26,73.0086669921875
329,2018-11-21 02:55:36,72.89869689941406
330,2018-11-21 03:24:06,76.8660888671875
331,2018-11-21 03:24:16,74.1431884765625
332,2018-11-21 03:24:26,73.96385192871094
333,2018-11-21 03:24:36,74.07778930664062
334,2018-11-21 03:24:46,73.61552429199219
335,2018-11-21 03:24:56,73.64016723632812
336,2018-11-21 03:25:06,73.42642211914062
337,2018-11-21 03:25:16,73.28109741210938
338,2018-11-21 03:25:26,73.41218566894531
339,2018-11-21 03:25:36,72.96965026855469
340,2018-11-21 03:54:06,76.45538330078125
341,2018-11-21 03:54:16,74.33610534667969
342,2018-11-21 03:54:26,74.281005859375
343,2018-11-21 03:54:36,73.93759155273438
344,2018-11-21 03:54:46,73.76509094238281
345,2018-11-21 03:54:56,73.63949584960938
346,2018-11-21 03:55:06,73.43438720703125
347,2018-11-21 03:55:16,73.30323791503906
348,2018-11-21 03:55:26,73.25381469726562
349,2018-11-21 03:55:36,73.08688354492188
350,2018-11-21 04:24:06,75.11221313476562
351,2018-11-21 04:24:16,73.64106750488281
352,2018-11-21 04:24:26,73.51974487304688
353,2018-11-21 04:24:36,73.34381103515625
354,2018-11-21 04:24:46,73.07781982421875
355,2018-11-21 04:24:56,72.95307922363281
356,2018-11-21 04:25:06,72.85469055175781
357,2018-11-21 04:25:16,72.80061340332031
358,2018-11-21 04:25:26,72.54231262207031
359,2018-11-21 04:25:36,72.61569213867188
360,2018-11-21 04:54:06,79.28384399414062
361,2018-11-21 04:54:16,73.19633483886719
362,2018-11-21 04:54:26,72.9232177734375
363,2018-11-21 04:54:36,72.88275146484375
364,2018-11-21 04:54:46,72.65098571777344
365,2018-11-21 04:54:56,72.59719848632812
366,2018-11-21 04:55:06,72.35862731933594
367,2018-11-21 04:55:16,72.31622314453125
368,2018-11-21 04:55:26,72.10643005371094
369,2018-11-21 04:55:36,72.19688415527344
370,2018-11-21 05:24:06,73.95304870605469
371,2018-11-21 05:24:16,71.84176635742188
372,2018-11-21 05:24:26,71.71385192871094
373,2018-11-21 05:24:36,71.56513977050781
374,2018-11-21 05:24:46,71.4024658203125
375,2018-11-21 05:24:56,71.24380493164062
376,2018-11-21 05:25:06,71.10540771484375
377,2018-11-21 05:25:16,70.97792053222656
378,2018-11-21 05:25:26,70.94044494628906
379,2018-11-21 05:25:36,70.9073486328125
380,2018-11-21 05:54:06,73.7724609375
381,2018-11-21 05:54:16,71.74978637695312
382,2018-11-21 05:54:26,71.66105651855469
383,2018-11-21 05:54:36,71.26449584960938
384,2018-11-21 05:54:46,71.06015014648438
385,2018-11-21 05:54:56,71.03265380859375
386,2018-11-21 05:55:06,70.93023681640625
387,2018-11-21 05:55:16,70.92794799804688
388,2018-11-21 05:55:26,70.69459533691406
389,2018-11-21 05:55:36,70.6553955078125
390,2018-11-21 06:24:06,80.60598754882812
391,2018-11-21 06:24:16,71.97677612304688
392,2018-11-21 06:24:26,71.8741455078125
393,2018-11-21 06:24:36,71.6629638671875
394,2018-11-21 06:24:46,71.40553283691406
395,2018-11-21 06:24:56,71.17082214355469
396,2018-11-21 06:25:06,71.05973815917969
397,2018-11-21 06:25:16,71.00363159179688
398,2018-11-21 06:25:26,70.89466857910156
399,2018-11-21 06:25:36,70.80975341796875
400,2018-11-21 06:54:08,73.79678344726562
401,2018-11-21 06:54:16,71.53228759765625
402,2018-11-21 06:54:26,71.56538391113281
403,2018-11-21 06:54:36,71.22116088867188
404,2018-11-21 06:54:46,71.16201782226562
405,2018-11-21 06:54:56,70.92597961425781
406,2018-11-21 06:55:06,70.96603393554688
407,2018-11-21 06:55:16,70.80525207519531
408,2018-11-21 06:55:26,70.61058044433594
409,2018-11-21 06:55:36,70.53215026855469
410,2018-11-21 07:24:06,73.84782409667969
411,2018-11-21 07:24:16,71.78544616699219
412,2018-11-21 07:24:26,71.51809692382812
413,2018-11-21 07:24:36,71.37449645996094
414,2018-11-21 07:24:46,71.22959899902344
415,2018-11-21 07:24:56,71.17906188964844
416,2018-11-21 07:25:06,71.00347900390625
417,2018-11-21 07:25:16,71.0361328125
418,2018-11-21 07:25:26,70.76321411132812
419,2018-11-21 07:25:36,70.76617431640625
420,2018-11-21 07:54:06,74.32669067382812
421,2018-11-21 07:54:16,72.342041015625
422,2018-11-21 07:54:26,71.99311828613281
423,2018-11-21 07:54:36,71.78646850585938
424,2018-11-21 07:54:46,71.66098022460938
425,2018-11-21 07:54:56,71.48051452636719
426,2018-11-21 07:55:06,71.67776489257812
427,2018-11-21 07:55:16,71.40159606933594
428,2018-11-21 07:55:26,71.28556823730469
429,2018-11-21 07:55:36,71.22410583496094
430,2018-11-21 08:24:06,76.37326049804688
431,2018-11-21 08:24:16,73.04029846191406
432,2018-11-21 08:24:26,72.82255554199219
433,2018-11-21 08:24:36,72.75677490234375
434,2018-11-21 08:24:46,72.54443359375
435,2018-11-21 08:24:56,72.64106750488281
436,2018-11-21 08:25:06,72.19851684570312
437,2018-11-21 08:25:16,72.25848388671875
438,2018-11-21 08:25:26,72.14952087402344
439,2018-11-21 08:25:36,71.97669982910156
440,2018-11-21 08:54:06,77.11985778808594
441,2018-11-21 08:54:16,72.39926147460938
442,2018-11-21 08:54:26,72.21847534179688
443,2018-11-21 08:54:36,72.01603698730469
444,2018-11-21 08:54:46,72.24761962890625
445,2018-11-21 08:54:56,71.85061645507812
446,2018-11-21 08:55:06,71.97817993164062
447,2018-11-21 08:55:16,71.97958374023438
448,2018-11-21 08:55:26,71.95536804199219
449,2018-11-21 08:55:36,72.20420837402344
450,2018-11-21 09:12:20,21.589218139648438
451,2018-11-21 09:12:30,20.131668090820312
452,2018-11-21 09:12:40,20.389602661132812
453,2018-11-21 09:12:50,20.332565307617188
454,2018-11-21 09:13:00,19.986572265625
455,2018-11-21 09:13:10,19.716949462890625
456,2018-11-21 09:13:20,19.781204223632812
457,2018-11-21 09:13:30,19.587936401367188
458,2018-11-21 09:13:40,20.28424072265625
459,2018-11-21 09:13:50,19.943267822265625
460,2018-11-21 09:24:06,78.3560791015625
461,2018-11-21 09:24:16,73.56845092773438
462,2018-11-21 09:24:26,73.14080810546875
463,2018-11-21 09:24:36,72.96282958984375
464,2018-11-21 09:24:46,72.7249755859375
465,2018-11-21 09:24:56,72.94581604003906
466,2018-11-21 09:25:06,88.94548034667969
467,2018-11-21 09:25:16,90.02168273925781
468,2018-11-21 09:25:26,91.03327941894531
469,2018-11-21 09:25:36,91.94581604003906
470,2018-11-21 09:34:08,76.58180236816406
471,2018-11-21 09:34:18,76.79890441894531
472,2018-11-21 09:34:28,76.90290832519531
473,2018-11-21 09:34:38,76.68548583984375
474,2018-11-21 09:34:48,76.89476013183594
475,2018-11-21 09:34:58,76.94566345214844
476,2018-11-21 09:35:08,77.15911865234375
477,2018-11-21 09:35:18,77.13414001464844
478,2018-11-21 09:35:28,77.25001525878906
479,2018-11-21 09:35:38,77.1258544921875
480,2018-11-21 09:44:10,76.46304321289062
481,2018-11-21 09:44:20,76.70535278320312
482,2018-11-21 09:44:30,76.61563110351562
483,2018-11-21 09:44:40,76.54266357421875
484,2018-11-21 09:44:50,76.46258544921875
485,2018-11-21 09:45:00,76.67503356933594
486,2018-11-21 09:45:10,76.45159912109375
487,2018-11-21 09:45:20,76.534912109375
488,2018-11-21 09:45:30,76.46916198730469
489,2018-11-21 09:45:40,76.67720031738281
490,2018-11-21 09:54:14,99.93797302246094
491,2018-11-21 09:54:24,99.93313598632812
492,2018-11-21 09:54:34,99.87959289550781
493,2018-11-21 09:54:44,99.50735473632812
494,2018-11-21 09:54:54,99.6083984375
495,2018-11-21 09:55:04,75.92636108398438
496,2018-11-21 09:55:12,75.82316589355469
497,2018-11-21 09:55:22,75.70162963867188
498,2018-11-21 09:55:32,75.61805725097656
499,2018-11-21 09:55:42,75.46110534667969
500,2018-11-21 10:18:36,68.08250427246094
501,2018-11-21 10:18:46,69.48651123046875
502,2018-11-21 10:18:56,70.40220642089844
503,2018-11-21 10:19:06,69.93531799316406
504,2018-11-21 10:19:16,71.05613708496094
505,2018-11-21 10:19:26,72.18045043945312
506,2018-11-21 10:19:36,73.14151000976562
507,2018-11-21 10:19:46,74.28765869140625
508,2018-11-21 10:19:56,74.40399169921875
509,2018-11-21 10:20:06,73.26620483398438
510,2018-11-21 10:28:42,76.69020080566406
511,2018-11-21 10:28:52,76.68203735351562
512,2018-11-21 10:29:02,76.63558959960938
513,2018-11-21 10:29:12,76.75444030761719
514,2018-11-21 10:29:22,76.68684387207031
515,2018-11-21 10:29:32,76.71783447265625
516,2018-11-21 10:29:42,76.84513854980469
517,2018-11-21 10:29:52,76.77288818359375
518,2018-11-21 10:30:02,76.79072570800781
519,2018-11-21 10:30:12,76.70401000976562
520,2018-11-21 10:38:46,75.3790283203125
521,2018-11-21 10:38:56,75.23634338378906
522,2018-11-21 10:39:06,75.24844360351562
523,2018-11-21 10:39:16,75.37934875488281
524,2018-11-21 10:39:26,75.49577331542969
525,2018-11-21 10:39:36,75.37522888183594
526,2018-11-21 10:39:46,75.49440002441406
527,2018-11-21 10:39:56,75.39505004882812
528,2018-11-21 10:40:06,75.43955993652344
529,2018-11-21 10:40:16,75.41758728027344
530,2018-11-21 10:48:46,73.51219177246094
531,2018-11-21 10:48:56,73.36557006835938
532,2018-11-21 10:49:06,73.12638854980469
533,2018-11-21 10:49:16,73.34303283691406
534,2018-11-21 10:49:26,73.13514709472656
535,2018-11-21 10:49:36,73.03523254394531
536,2018-11-21 10:49:46,73.25337219238281
537,2018-11-21 10:49:56,73.2213134765625
538,2018-11-21 10:50:06,73.29083251953125
539,2018-11-21 10:50:16,73.36831665039062
540,2018-11-21 10:58:48,73.22871398925781
541,2018-11-21 10:58:58,73.23995971679688
542,2018-11-21 10:59:08,73.21072387695312
543,2018-11-21 10:59:18,73.12818908691406
544,2018-11-21 10:59:28,73.2391357421875
545,2018-11-21 10:59:38,73.11286926269531
546,2018-11-21 10:59:48,73.16912841796875
547,2018-11-21 10:59:58,73.33338928222656
548,2018-11-21 11:00:08,73.06710815429688
549,2018-11-21 11:00:18,73.09365844726562
550,2018-11-21 11:08:54,73.32554626464844
551,2018-11-21 11:09:02,73.25942993164062
552,2018-11-21 11:09:12,73.26950073242188
553,2018-11-21 11:09:22,73.15147399902344
554,2018-11-21 11:09:32,73.04597473144531
555,2018-11-21 11:09:42,75.52838134765625
556,2018-11-21 11:09:52,75.33781433105469
557,2018-11-21 11:10:02,73.18736267089844
558,2018-11-21 11:10:12,74.71604919433594
559,2018-11-21 11:10:22,73.2899169921875
560,2018-11-21 11:18:54,73.1087646484375
561,2018-11-21 11:19:04,73.84617614746094
562,2018-11-21 11:19:14,72.85215759277344
563,2018-11-21 11:19:24,73.7232666015625
564,2018-11-21 11:19:34,73.67750549316406
565,2018-11-21 11:19:44,72.92550659179688
566,2018-11-21 11:19:54,72.5780029296875
567,2018-11-21 11:20:04,73.70460510253906
568,2018-11-21 11:20:14,73.63229370117188
569,2018-11-21 11:20:24,72.87954711914062
570,2018-11-21 11:28:58,75.13710021972656
571,2018-11-21 11:29:08,73.6395263671875
572,2018-11-21 11:29:18,72.58432006835938
573,2018-11-21 11:29:28,74.10452270507812
574,2018-11-21 11:29:38,74.31195068359375
575,2018-11-21 11:29:48,74.42062377929688
576,2018-11-21 11:29:58,72.97392272949219
577,2018-11-21 11:30:08,72.92845153808594
578,2018-11-21 11:30:18,73.14993286132812
579,2018-11-21 11:30:28,72.98612976074219
580,2018-11-21 11:54:06,79.31089782714844
581,2018-11-21 11:54:16,71.95149230957031
582,2018-11-21 11:54:26,74.40130615234375
583,2018-11-21 11:54:36,73.03761291503906
584,2018-11-21 11:54:46,73.92279052734375
585,2018-11-21 11:54:56,74.23130798339844
586,2018-11-21 11:55:06,73.58143615722656
587,2018-11-21 11:55:16,73.5352783203125
588,2018-11-21 11:55:26,73.48947143554688
589,2018-11-21 11:55:34,73.4034423828125
590,2018-11-21 12:24:06,79.77169799804688
591,2018-11-21 12:24:16,76.44384765625
592,2018-11-21 12:24:26,76.33784484863281
593,2018-11-21 12:24:36,75.88087463378906
594,2018-11-21 12:24:46,75.78651428222656
595,2018-11-21 12:24:56,75.81094360351562
596,2018-11-21 12:25:06,75.77838134765625
597,2018-11-21 12:25:16,75.16047668457031
598,2018-11-21 12:25:26,75.21446228027344
599,2018-11-21 12:25:36,75.09156799316406
600,2018-11-21 12:54:06,79.01913452148438
601,2018-11-21 12:54:16,74.22785949707031
602,2018-11-21 12:54:26,73.9273681640625
603,2018-11-21 12:54:36,73.62495422363281
604,2018-11-21 12:54:46,73.51387023925781
605,2018-11-21 12:54:56,73.36697387695312
606,2018-11-21 12:55:06,73.32412719726562
607,2018-11-21 12:55:16,73.27305603027344
608,2018-11-21 12:55:26,72.90940856933594
609,2018-11-21 12:55:36,72.8289794921875
610,2018-11-21 13:24:06,78.4681396484375
611,2018-11-21 13:24:16,74.162841796875
612,2018-11-21 13:24:26,73.97286987304688
613,2018-11-21 13:24:36,73.99636840820312
614,2018-11-21 13:24:46,73.63554382324219
615,2018-11-21 13:24:56,73.18736267089844
616,2018-11-21 13:25:06,73.22825622558594
617,2018-11-21 13:25:16,73.34397888183594
618,2018-11-21 13:25:26,72.954833984375
619,2018-11-21 13:25:36,73.24624633789062
620,2018-11-21 13:54:06,81.04518127441406
621,2018-11-21 13:54:16,75.97465515136719
622,2018-11-21 13:54:26,75.75654602050781
623,2018-11-21 13:54:36,75.48806762695312
624,2018-11-21 13:54:46,75.31404113769531
625,2018-11-21 13:54:56,75.31448364257812
626,2018-11-21 13:55:06,75.24909973144531
627,2018-11-21 13:55:16,75.2166748046875
628,2018-11-21 13:55:26,75.09629821777344
629,2018-11-21 13:55:36,74.857421875
630,2018-11-21 14:24:06,80.51454162597656
631,2018-11-21 14:24:16,75.49458312988281
632,2018-11-21 14:24:26,75.32368469238281
633,2018-11-21 14:24:36,74.77473449707031
634,2018-11-21 14:24:46,74.69769287109375
635,2018-11-21 14:24:56,74.72549438476562
636,2018-11-21 14:25:06,74.59773254394531
637,2018-11-21 14:25:16,74.33425903320312
638,2018-11-21 14:25:26,74.15519714355469
639,2018-11-21 14:25:36,74.02227783203125
640,2018-11-21 14:34:08,73.38325500488281
641,2018-11-21 14:34:18,73.36341857910156
642,2018-11-21 14:34:28,73.52413940429688
643,2018-11-21 14:34:38,73.54963684082031
644,2018-11-21 14:34:48,73.758544921875
645,2018-11-21 14:34:58,73.82275390625
646,2018-11-21 14:35:08,73.97189331054688
647,2018-11-21 14:35:18,73.93995666503906
648,2018-11-21 14:35:28,74.08282470703125
649,2018-11-21 14:35:38,74.01731872558594
650,2018-11-21 14:44:12,75.13772583007812
651,2018-11-21 14:44:20,75.2584228515625
652,2018-11-21 14:44:30,74.95693969726562
653,2018-11-21 14:44:40,75.02934265136719
654,2018-11-21 14:44:50,75.0224609375
655,2018-11-21 14:45:02,75.10037231445312
656,2018-11-21 14:45:12,75.15116882324219
657,2018-11-21 14:45:22,75.24954223632812
658,2018-11-21 14:45:30,75.17942810058594
659,2018-11-21 14:45:40,74.99710083007812
660,2018-11-21 14:54:14,98.58193969726562
661,2018-11-21 14:54:24,98.42851257324219
662,2018-11-21 14:54:34,98.42572021484375
663,2018-11-21 14:54:44,98.18205261230469
664,2018-11-21 14:54:54,98.11849975585938
665,2018-11-21 14:55:04,97.92361450195312
666,2018-11-21 14:55:14,97.96083068847656
667,2018-11-21 14:55:24,97.87271118164062
668,2018-11-21 14:55:34,97.75810241699219
669,2018-11-21 14:55:44,97.76910400390625
670,2018-11-21 15:04:18,73.41535949707031
671,2018-11-21 15:04:28,73.55711364746094
672,2018-11-21 15:04:38,73.82843017578125
673,2018-11-21 15:04:48,74.89559936523438
674,2018-11-21 15:04:58,75.07106018066406
675,2018-11-21 15:05:08,75.42071533203125
676,2018-11-21 15:05:18,75.27435302734375
677,2018-11-21 15:05:28,75.3184814453125
678,2018-11-21 15:05:38,75.37332153320312
679,2018-11-21 15:05:48,75.36045837402344
680,2018-11-21 15:14:20,74.68736267089844
681,2018-11-21 15:14:30,74.5533447265625
682,2018-11-21 15:14:40,74.52389526367188
683,2018-11-21 15:14:50,74.53648376464844
684,2018-11-21 15:15:00,74.57609558105469
685,2018-11-21 15:15:10,74.58323669433594
686,2018-11-21 15:15:20,74.62420654296875
687,2018-11-21 15:15:30,74.57365417480469
688,2018-11-21 15:15:40,74.689453125
689,2018-11-21 15:15:50,74.7012939453125
690,2018-11-21 15:24:24,99.32063293457031
691,2018-11-21 15:24:34,99.07228088378906
692,2018-11-21 15:24:44,99.040283203125
693,2018-11-21 15:24:54,98.95274353027344
694,2018-11-21 15:25:04,98.83876037597656
695,2018-11-21 15:25:14,98.77897644042969
696,2018-11-21 15:25:24,98.712158203125
697,2018-11-21 15:25:34,98.85350036621094
698,2018-11-21 15:25:44,98.65341186523438
699,2018-11-21 15:25:54,98.57479858398438
700,2018-11-21 15:34:26,73.82402038574219
701,2018-11-21 15:34:36,73.90707397460938
702,2018-11-21 15:34:46,73.86357116699219
703,2018-11-21 15:34:56,73.99665832519531
704,2018-11-21 15:35:06,73.89637756347656
705,2018-11-21 15:35:16,74.08279418945312
706,2018-11-21 15:35:26,73.87905883789062
707,2018-11-21 15:35:36,73.87818908691406
708,2018-11-21 15:35:46,73.89649963378906
709,2018-11-21 15:35:56,74.00868225097656
710,2018-11-21 15:44:28,75.36318969726562
711,2018-11-21 15:44:38,75.64076232910156
712,2018-11-21 15:44:48,75.56341552734375
713,2018-11-21 15:44:58,75.42070007324219
714,2018-11-21 15:45:08,75.55445861816406
715,2018-11-21 15:45:18,74.420166015625
716,2018-11-21 15:45:28,74.47706604003906
717,2018-11-21 15:45:38,74.55580139160156
718,2018-11-21 15:45:48,75.33035278320312
719,2018-11-21 15:45:58,74.96485900878906
720,2018-11-21 15:54:28,98.55259704589844
721,2018-11-21 15:54:38,98.391845703125
722,2018-11-21 15:54:48,98.36016845703125
723,2018-11-21 15:54:58,98.36589050292969
724,2018-11-21 15:55:08,98.268798828125
725,2018-11-21 15:55:18,98.14852905273438
726,2018-11-21 15:55:28,98.29287719726562
727,2018-11-21 15:55:38,98.06822204589844
728,2018-11-21 15:55:48,98.17024230957031
729,2018-11-21 15:55:58,98.052978515625
730,2018-11-21 16:04:32,75.4217529296875
731,2018-11-21 16:04:42,74.79177856445312
732,2018-11-21 16:04:52,75.0816650390625
733,2018-11-21 16:05:02,75.15083312988281
734,2018-11-21 16:05:12,75.35768127441406
735,2018-11-21 16:05:22,75.24296569824219
736,2018-11-21 16:05:32,74.70878601074219
737,2018-11-21 16:05:42,74.62115478515625
738,2018-11-21 16:05:52,74.61270141601562
739,2018-11-21 16:06:02,74.83824157714844
740,2018-11-21 16:14:34,74.94602966308594
741,2018-11-21 16:14:44,74.752197265625
742,2018-11-21 16:14:54,74.86286926269531
743,2018-11-21 16:15:04,74.83250427246094
744,2018-11-21 16:15:14,74.86993408203125
745,2018-11-21 16:15:24,74.66984558105469
746,2018-11-21 16:15:34,74.97468566894531
747,2018-11-21 16:15:44,74.97816467285156
748,2018-11-21 16:15:54,74.85516357421875
749,2018-11-21 16:16:04,75.11720275878906
750,2018-11-21 16:24:40,98.58953857421875
751,2018-11-21 16:24:48,98.37608337402344
752,2018-11-21 16:24:58,98.42716979980469
753,2018-11-21 16:25:08,98.35130310058594
754,2018-11-21 16:25:18,98.31877136230469
755,2018-11-21 16:25:28,98.28526306152344
756,2018-11-21 16:25:38,98.16607666015625
757,2018-11-21 16:25:48,98.15298461914062
758,2018-11-21 16:25:58,98.34913635253906
759,2018-11-21 16:26:08,75.02499389648438
760,2018-11-21 16:34:44,73.65840148925781
761,2018-11-21 16:34:52,75.98812866210938
762,2018-11-21 16:35:02,73.59071350097656
763,2018-11-21 16:35:12,74.95323181152344
764,2018-11-21 16:35:22,74.51808166503906
765,2018-11-21 16:35:32,74.25267028808594
766,2018-11-21 16:35:42,75.2286376953125
767,2018-11-21 16:35:52,74.23269653320312
768,2018-11-21 16:36:02,73.33102416992188
769,2018-11-21 16:36:12,73.37800598144531
770,2018-11-21 16:44:46,75.18405151367188
771,2018-11-21 16:44:56,75.40634155273438
772,2018-11-21 16:45:06,75.15217590332031
773,2018-11-21 16:45:16,75.27923583984375
774,2018-11-21 16:45:26,75.2335205078125
775,2018-11-21 16:45:36,75.11027526855469
776,2018-11-21 16:45:46,75.11424255371094
777,2018-11-21 16:45:56,75.03240966796875
778,2018-11-21 16:46:06,75.24407958984375
779,2018-11-21 16:46:16,75.28773498535156
780,2018-11-21 16:54:50,98.30555725097656
781,2018-11-21 16:54:58,98.29190063476562
782,2018-11-21 16:55:08,98.05645751953125
783,2018-11-21 16:55:18,97.98567199707031
784,2018-11-21 16:55:28,97.96347045898438
785,2018-11-21 16:55:38,97.99723815917969
786,2018-11-21 16:55:48,97.911376953125
787,2018-11-21 16:55:58,98.14828491210938
788,2018-11-21 16:56:08,74.97686767578125
789,2018-11-21 16:56:18,74.79216003417969
790,2018-11-21 17:04:52,75.59393310546875
791,2018-11-21 17:05:02,75.49040222167969
792,2018-11-21 17:05:12,75.45504760742188
793,2018-11-21 17:05:22,75.4730224609375
794,2018-11-21 17:05:32,75.69767761230469
795,2018-11-21 17:05:42,75.48710632324219
796,2018-11-21 17:05:52,75.53987121582031
797,2018-11-21 17:06:02,74.5008544921875
798,2018-11-21 17:06:12,74.55270385742188
799,2018-11-21 17:06:22,74.502685546875
800,2018-11-21 17:14:54,75.33653259277344
801,2018-11-21 17:15:04,75.26713562011719
802,2018-11-21 17:15:14,75.36769104003906
803,2018-11-21 17:15:24,75.14617919921875
804,2018-11-21 17:15:34,75.30879211425781
805,2018-11-21 17:15:44,74.47567749023438
806,2018-11-21 17:15:54,73.55482482910156
807,2018-11-21 17:16:04,75.02210998535156
808,2018-11-21 17:16:14,73.51727294921875
809,2018-11-21 17:16:24,75.03584289550781
810,2018-11-21 17:24:56,98.59022521972656
811,2018-11-21 17:25:06,98.58401489257812
812,2018-11-21 17:25:16,98.46925354003906
813,2018-11-21 17:25:26,98.20411682128906
814,2018-11-21 17:25:36,98.24659729003906
815,2018-11-21 17:25:46,98.41717529296875
816,2018-11-21 17:25:56,98.27874755859375
817,2018-11-21 17:26:06,74.62330627441406
818,2018-11-21 17:26:16,74.59236145019531
819,2018-11-21 17:26:26,75.02633666992188
820,2018-11-21 17:34:56,75.09056091308594
821,2018-11-21 17:35:06,75.19204711914062
822,2018-11-21 17:35:16,75.15863037109375
823,2018-11-21 17:35:26,74.94351196289062
824,2018-11-21 17:35:36,74.88894653320312
825,2018-11-21 17:35:46,74.92794799804688
826,2018-11-21 17:35:56,74.91876220703125
827,2018-11-21 17:36:06,75.14730834960938
828,2018-11-21 17:36:16,75.13783264160156
829,2018-11-21 17:36:26,74.75050354003906
830,2018-11-21 17:45:02,75.19123840332031
831,2018-11-21 17:45:12,75.15765380859375
832,2018-11-21 17:45:22,75.28544616699219
833,2018-11-21 17:45:32,75.22251892089844
834,2018-11-21 17:45:42,75.23606872558594
835,2018-11-21 17:45:52,75.13880920410156
836,2018-11-21 17:46:02,75.07814025878906
837,2018-11-21 17:46:12,75.04510498046875
838,2018-11-21 17:46:22,75.0704345703125
839,2018-11-21 17:46:32,75.13955688476562
840,2018-11-21 17:55:04,97.86116027832031
841,2018-11-21 17:55:14,97.86149597167969
842,2018-11-21 17:55:24,97.69902038574219
843,2018-11-21 17:55:34,98.04072570800781
844,2018-11-21 17:55:44,97.85873413085938
845,2018-11-21 17:55:54,98.15869140625
846,2018-11-21 17:56:04,74.73568725585938
847,2018-11-21 17:56:14,74.96430969238281
848,2018-11-21 17:56:24,75.10505676269531
849,2018-11-21 17:56:34,75.09614562988281
850,2018-11-21 18:05:08,74.75523376464844
851,2018-11-21 18:05:18,74.84059143066406
852,2018-11-21 18:05:28,74.829345703125
853,2018-11-21 18:05:38,74.89335632324219
854,2018-11-21 18:05:48,74.78306579589844
855,2018-11-21 18:05:58,74.73013305664062
856,2018-11-21 18:06:08,74.50819396972656
857,2018-11-21 18:06:18,74.91258239746094
858,2018-11-21 18:06:28,74.682373046875
859,2018-11-21 18:06:38,74.61383056640625
860,2018-11-21 18:15:12,74.68748474121094
861,2018-11-21 18:15:22,74.79129028320312
862,2018-11-21 18:15:32,74.99192810058594
863,2018-11-21 18:15:42,74.75173950195312
864,2018-11-21 18:15:52,74.64651489257812
865,2018-11-21 18:16:02,74.79942321777344
866,2018-11-21 18:16:12,74.49336242675781
867,2018-11-21 18:16:22,74.76742553710938
868,2018-11-21 18:16:32,74.20069885253906
869,2018-11-21 18:16:42,74.77120971679688
870,2018-11-21 18:25:18,98.127685546875
871,2018-11-21 18:25:28,97.96353149414062
872,2018-11-21 18:25:38,98.05381774902344
873,2018-11-21 18:25:48,97.90840148925781
874,2018-11-21 18:25:58,97.93919372558594
875,2018-11-21 18:26:08,74.61961364746094
876,2018-11-21 18:26:18,74.79457092285156
877,2018-11-21 18:26:28,74.78086853027344
878,2018-11-21 18:26:38,74.89710998535156
879,2018-11-21 18:26:48,74.50471496582031
880,2018-11-21 18:35:18,74.71693420410156
881,2018-11-21 18:35:28,74.70370483398438
882,2018-11-21 18:35:38,74.66177368164062
883,2018-11-21 18:35:48,74.5791015625
884,2018-11-21 18:35:58,74.65272521972656
885,2018-11-21 18:36:08,74.8470458984375
886,2018-11-21 18:36:18,74.75381469726562
887,2018-11-21 18:36:28,74.76896667480469
888,2018-11-21 18:36:38,74.81378173828125
889,2018-11-21 18:36:48,74.87559509277344
890,2018-11-21 18:45:22,74.86077880859375
891,2018-11-21 18:45:32,74.947998046875
892,2018-11-21 18:45:42,74.93531799316406
893,2018-11-21 18:45:52,75.1158447265625
894,2018-11-21 18:46:02,74.90213012695312
895,2018-11-21 18:46:12,74.82203674316406
896,2018-11-21 18:46:22,74.80751037597656
897,2018-11-21 18:46:32,74.66656494140625
898,2018-11-21 18:46:42,74.61921691894531
899,2018-11-21 18:46:52,74.68083190917969
900,2018-11-21 18:55:26,98.09640502929688
901,2018-11-21 18:55:36,97.99131774902344
902,2018-11-21 18:55:46,97.92369079589844
903,2018-11-21 18:55:56,97.79730224609375
904,2018-11-21 18:56:06,74.46699523925781
905,2018-11-21 18:56:16,74.48919677734375
906,2018-11-21 18:56:26,74.33493041992188
907,2018-11-21 18:56:36,74.74273681640625
908,2018-11-21 18:56:46,74.63397216796875
909,2018-11-21 18:56:56,74.81205749511719
910,2018-11-21 19:05:30,75.43397521972656
911,2018-11-21 19:05:40,75.53524780273438
912,2018-11-21 19:05:50,75.48274230957031
913,2018-11-21 19:06:00,74.35455322265625
914,2018-11-21 19:06:10,74.41217041015625
915,2018-11-21 19:06:20,74.41180419921875
916,2018-11-21 19:06:30,74.49923706054688
917,2018-11-21 19:06:40,74.47683715820312
918,2018-11-21 19:06:50,74.55661010742188
919,2018-11-21 19:07:00,75.02511596679688
920,2018-11-21 19:15:34,74.77516174316406
921,2018-11-21 19:15:44,74.803466796875
922,2018-11-21 19:15:54,73.13134765625
923,2018-11-21 19:16:04,75.30819702148438
924,2018-11-21 19:16:14,75.25343322753906
925,2018-11-21 19:16:24,73.84523010253906
926,2018-11-21 19:16:34,74.29838562011719
927,2018-11-21 19:16:44,74.84175109863281
928,2018-11-21 19:16:54,75.26010131835938
929,2018-11-21 19:17:04,75.02409362792969
930,2018-11-21 19:25:38,97.90565490722656
931,2018-11-21 19:25:48,97.79801940917969
932,2018-11-21 19:25:58,97.85466003417969
933,2018-11-21 19:26:08,75.25369262695312
934,2018-11-21 19:26:18,74.86729431152344
935,2018-11-21 19:26:28,73.58821105957031
936,2018-11-21 19:26:38,74.683349609375
937,2018-11-21 19:26:48,74.92878723144531
938,2018-11-21 19:26:58,74.412841796875
939,2018-11-21 19:27:08,74.80934143066406
940,2018-11-21 19:35:40,74.74822998046875
941,2018-11-21 19:35:48,75.01936340332031
942,2018-11-21 19:35:58,75.07911682128906
943,2018-11-21 19:36:08,73.78738403320312
944,2018-11-21 19:36:18,74.64912414550781
945,2018-11-21 19:36:28,74.47056579589844
946,2018-11-21 19:36:38,74.60850524902344
947,2018-11-21 19:36:48,74.56602478027344
948,2018-11-21 19:36:58,74.63529968261719
949,2018-11-21 19:37:08,74.54324340820312
950,2018-11-21 19:45:42,74.92288208007812
951,2018-11-21 19:45:50,75.17422485351562
952,2018-11-21 19:46:00,75.0234375
953,2018-11-21 19:46:10,75.16412353515625
954,2018-11-21 19:46:20,75.13789367675781
955,2018-11-21 19:46:30,75.14680480957031
956,2018-11-21 19:46:40,75.10739135742188
957,2018-11-21 19:46:50,75.21302795410156
958,2018-11-21 19:47:00,75.19686889648438
959,2018-11-21 19:47:10,75.24777221679688
960,2018-11-21 19:55:44,97.80538940429688
961,2018-11-21 19:55:54,97.66355895996094
962,2018-11-21 19:56:04,74.99656677246094
963,2018-11-21 19:56:14,75.19305419921875
964,2018-11-21 19:56:24,74.81710815429688
965,2018-11-21 19:56:34,74.687744140625
966,2018-11-21 19:56:44,74.70454406738281
967,2018-11-21 19:56:54,74.64772033691406
968,2018-11-21 19:57:04,74.7052001953125
969,2018-11-21 19:57:14,74.68885803222656
970,2018-11-21 20:05:46,75.03887939453125
971,2018-11-21 20:05:54,74.85623168945312
972,2018-11-21 20:06:04,75.05648803710938
973,2018-11-21 20:06:14,75.02569580078125
974,2018-11-21 20:06:24,74.98762512207031
975,2018-11-21 20:06:34,74.89576721191406
976,2018-11-21 20:06:44,75.03630065917969
977,2018-11-21 20:06:54,74.85427856445312
978,2018-11-21 20:07:04,75.09658813476562
979,2018-11-21 20:07:14,74.92068481445312
980,2018-11-21 20:15:48,74.73611450195312
981,2018-11-21 20:15:56,74.57383728027344
982,2018-11-21 20:16:06,74.61335754394531
983,2018-11-21 20:16:18,74.54730224609375
984,2018-11-21 20:16:28,74.72038269042969
985,2018-11-21 20:16:36,74.59098815917969
986,2018-11-21 20:16:46,74.8447265625
987,2018-11-21 20:16:58,74.78242492675781
988,2018-11-21 20:17:06,74.76284790039062
989,2018-11-21 20:17:16,74.65960693359375
990,2018-11-21 20:25:48,96.81634521484375
991,2018-11-21 20:25:58,96.91337585449219
992,2018-11-21 20:26:08,74.68170166015625
993,2018-11-21 20:26:18,74.59657287597656
994,2018-11-21 20:26:28,74.52818298339844
995,2018-11-21 20:26:38,74.5828857421875
996,2018-11-21 20:26:48,74.41471862792969
997,2018-11-21 20:26:58,74.38960266113281
998,2018-11-21 20:27:08,74.76376342773438
999,2018-11-21 20:27:18,74.42935180664062
